id,name,value1,value2,value3
1,Feli,Pinks,Sed ante. Vivamus tortor. Duis mattis egestas metus.,habitasse platea dictumst etiam faucibus cursus urna ut tellus nulla ut erat id mauris vulputate elementum
2,Charo,Orange,"Praesent id massa id nisl venenatis lacinia. Aenean sit amet justo. Morbi ut odio. Cras mi pede, malesuada in, imperdiet et, commodo vulputate, justo. In blandit ultrices enim. Lorem ipsum dolor sit amet, consectetuer adipiscing elit.",rhoncus dui vel sem sed sagittis nam congue risus semper porta volutpat quam pede
3,Ardra,Mauv,"Curabitur gravida nisi at nibh. In hac habitasse platea dictumst. Aliquam augue quam, sollicitudin vitae, consectetuer eget, rutrum at, lorem.Integer tincidunt ante vel ipsum. Praesent blandit lacinia erat. Vestibulum sed magna at nunc commodo placerat.",dui proin leo odio porttitor id consequat in consequat ut nulla sed accumsan felis ut at dolor
4,Hanna,Teal,"Aliquam quis turpis eget elit sodales scelerisque. Mauris sit amet eros. Suspendisse accumsan tortor quis turpis.Sed ante. Vivamus tortor. Duis mattis egestas metus.Aenean fermentum. Donec ut mauris eget massa tempor convallis. Nulla neque libero, convallis eget, eleifend luctus, ultricies eu, nibh.",duis bibendum morbi non quam nec dui luctus rutrum nulla tellus in sagittis dui vel nisl duis ac
5,Cyrus,Blue,"Lorem ipsum dolor sit amet, consectetuer adipiscing elit. Proin risus. Praesent lectus.Vestibulum quam sapien, varius ut, blandit non, interdum in, ante. Vestibulum ante ipsum primis in faucibus orci luctus et ultrices posuere cubilia Curae; Duis faucibus accumsan odio. Curabitur convallis.Duis consequat dui nec nisi volutpat eleifend. Donec ut dolor. Morbi vel lectus in quam fringilla rhoncus.",velit eu est congue elementum in hac habitasse platea dictumst morbi vestibulum velit id pretium
6,Irita,Indigo,"Praesent blandit. Nam nulla. Integer pede justo, lacinia eget, tincidunt eget, tempus vel, pede.Morbi porttitor lorem id ligula. Suspendisse ornare consequat lectus. In est risus, auctor sed, tristique in, tempus sit amet, sem.",vestibulum proin eu mi nulla ac enim in tempor turpis nec euismod scelerisque quam turpis adipiscing
7,Witty,Blue,Phasellus sit amet erat. Nulla tempus. Vivamus in felis eu sapien cursus vestibulum.,accumsan odio curabitur convallis duis consequat dui nec nisi volutpat eleifend donec ut dolor morbi vel lectus
8,Aurie,Purple,"Nulla ut erat id mauris vulputate elementum. Nullam varius. Nulla facilisi.Cras non velit nec nisi vulputate nonummy. Maecenas tincidunt lacus at velit. Vivamus vel nulla eget eros elementum pellentesque.Quisque porta volutpat erat. Quisque erat eros, viverra eget, congue eget, semper rutrum, nulla. Nunc purus.",pulvinar lobortis est phasellus sit amet erat nulla tempus vivamus in felis eu
9,Annabella,Indigo,"Fusce posuere felis sed lacus. Morbi sem mauris, laoreet ut, rhoncus aliquet, pulvinar sed, nisl. Nunc rhoncus dui vel sem.",habitasse platea dictumst maecenas ut massa quis augue luctus tincidunt nulla mollis molestie lorem quisque ut erat curabitur gravida nisi
10,Vikki,Maroon,"Pellentesque at nulla. Suspendisse potenti. Cras in purus eu magna vulputate luctus.Cum sociis natoque penatibus et magnis dis parturient montes, nascetur ridiculus mus. Vivamus vestibulum sagittis sapien. Cum sociis natoque penatibus et magnis dis parturient montes, nascetur ridiculus mus.",sit amet sem fusce consequat nulla nisl nunc nisl duis bibendum felis sed interdum venenatis
11,Leopold,Maroon,"Maecenas leo odio, condimentum id, luctus nec, molestie sed, justo. Pellentesque viverra pede ac diam. Cras pellentesque volutpat dui.Maecenas tristique, est et tempus semper, est quam pharetra magna, ac consequat metus sapien ut nunc. Vestibulum ante ipsum primis in faucibus orci luctus et ultrices posuere cubilia Curae; Mauris viverra diam vitae quam. Suspendisse potenti.",amet sem fusce consequat nulla nisl nunc nisl duis bibendum
12,Evey,Goldenrod,"Sed ante. Vivamus tortor. Duis mattis egestas metus.Aenean fermentum. Donec ut mauris eget massa tempor convallis. Nulla neque libero, convallis eget, eleifend luctus, ultricies eu, nibh.",ligula sit amet eleifend pede libero quis orci nullam molestie
13,Thibaud,Puce,"Morbi non lectus. Aliquam sit amet diam in magna bibendum imperdiet. Nullam orci pede, venenatis non, sodales sed, tincidunt eu, felis.",cum sociis natoque penatibus et magnis dis parturient montes nascetur ridiculus
14,Georgi,Orange,Duis bibendum. Morbi non quam nec dui luctus rutrum. Nulla tellus.,dictumst aliquam augue quam sollicitudin vitae consectetuer eget rutrum at lorem integer tincidunt ante vel ipsum praesent
15,Berny,Purple,"Cras non velit nec nisi vulputate nonummy. Maecenas tincidunt lacus at velit. Vivamus vel nulla eget eros elementum pellentesque.Quisque porta volutpat erat. Quisque erat eros, viverra eget, congue eget, semper rutrum, nulla. Nunc purus.",morbi vel lectus in quam fringilla rhoncus mauris enim leo
16,Hiram,Violet,Phasellus in felis. Donec semper sapien a libero. Nam dui.,viverra dapibus nulla suscipit ligula in lacus curabitur at ipsum ac tellus
17,Jelene,Maroon,"Fusce posuere felis sed lacus. Morbi sem mauris, laoreet ut, rhoncus aliquet, pulvinar sed, nisl. Nunc rhoncus dui vel sem.Sed sagittis. Nam congue, risus semper porta volutpat, quam pede lobortis ligula, sit amet eleifend pede libero quis orci. Nullam molestie nibh in lectus.Pellentesque at nulla. Suspendisse potenti. Cras in purus eu magna vulputate luctus.",ac neque duis bibendum morbi non quam nec dui luctus rutrum nulla tellus in sagittis dui vel
18,Cortie,Orange,"Aenean fermentum. Donec ut mauris eget massa tempor convallis. Nulla neque libero, convallis eget, eleifend luctus, ultricies eu, nibh.",ligula in lacus curabitur at ipsum ac tellus semper interdum mauris ullamcorper purus sit amet nulla quisque arcu libero
19,Nevsa,Green,"Fusce consequat. Nulla nisl. Nunc nisl.Duis bibendum, felis sed interdum venenatis, turpis enim blandit mi, in porttitor pede justo eu massa. Donec dapibus. Duis at velit eu est congue elementum.",at nunc commodo placerat praesent blandit nam nulla integer pede
20,Kaycee,Goldenrod,"Duis consequat dui nec nisi volutpat eleifend. Donec ut dolor. Morbi vel lectus in quam fringilla rhoncus.Mauris enim leo, rhoncus sed, vestibulum sit amet, cursus id, turpis. Integer aliquet, massa id lobortis convallis, tortor risus dapibus augue, vel accumsan tellus nisi eu orci. Mauris lacinia sapien quis libero.",nisi volutpat eleifend donec ut dolor morbi vel lectus in quam fringilla rhoncus
21,Orran,Aquamarine,"In sagittis dui vel nisl. Duis ac nibh. Fusce lacus purus, aliquet at, feugiat non, pretium quis, lectus.Suspendisse potenti. In eleifend quam a odio. In hac habitasse platea dictumst.Maecenas ut massa quis augue luctus tincidunt. Nulla mollis molestie lorem. Quisque ut erat.",lectus aliquam sit amet diam in magna bibendum imperdiet nullam orci pede venenatis non sodales sed
22,Lurline,Pink,"Lorem ipsum dolor sit amet, consectetuer adipiscing elit. Proin risus. Praesent lectus.",cras in purus eu magna vulputate luctus cum sociis natoque penatibus et magnis dis parturient montes nascetur ridiculus mus vivamus
23,Lek,Purple,Suspendisse potenti. In eleifend quam a odio. In hac habitasse platea dictumst.,aliquam convallis nunc proin at turpis a pede posuere nonummy integer non velit donec
24,Edithe,Blue,"Vestibulum ac est lacinia nisi venenatis tristique. Fusce congue, diam id ornare imperdiet, sapien urna pretium nisl, ut volutpat sapien arcu sed augue. Aliquam erat volutpat.",libero convallis eget eleifend luctus ultricies eu nibh quisque id justo sit amet sapien dignissim vestibulum vestibulum ante ipsum primis
25,Miguela,Green,"Morbi porttitor lorem id ligula. Suspendisse ornare consequat lectus. In est risus, auctor sed, tristique in, tempus sit amet, sem.Fusce consequat. Nulla nisl. Nunc nisl.",cras non velit nec nisi vulputate nonummy maecenas tincidunt lacus at velit vivamus
26,Arvie,Goldenrod,"Duis consequat dui nec nisi volutpat eleifend. Donec ut dolor. Morbi vel lectus in quam fringilla rhoncus.Mauris enim leo, rhoncus sed, vestibulum sit amet, cursus id, turpis. Integer aliquet, massa id lobortis convallis, tortor risus dapibus augue, vel accumsan tellus nisi eu orci. Mauris lacinia sapien quis libero.Nullam sit amet turpis elementum ligula vehicula consequat. Morbi a ipsum. Integer a nibh.",turpis enim blandit mi in porttitor pede justo eu massa donec dapibus duis at velit eu est
27,Fanya,Red,"Praesent blandit. Nam nulla. Integer pede justo, lacinia eget, tincidunt eget, tempus vel, pede.Morbi porttitor lorem id ligula. Suspendisse ornare consequat lectus. In est risus, auctor sed, tristique in, tempus sit amet, sem.Fusce consequat. Nulla nisl. Nunc nisl.",magnis dis parturient montes nascetur ridiculus mus vivamus vestibulum sagittis sapien
28,Jobye,Turquoise,"Duis bibendum, felis sed interdum venenatis, turpis enim blandit mi, in porttitor pede justo eu massa. Donec dapibus. Duis at velit eu est congue elementum.In hac habitasse platea dictumst. Morbi vestibulum, velit id pretium iaculis, diam erat fermentum justo, nec condimentum neque sapien placerat ante. Nulla justo.Aliquam quis turpis eget elit sodales scelerisque. Mauris sit amet eros. Suspendisse accumsan tortor quis turpis.",justo sit amet sapien dignissim vestibulum vestibulum ante ipsum primis in faucibus orci luctus et ultrices
29,Allianora,Red,"Morbi non lectus. Aliquam sit amet diam in magna bibendum imperdiet. Nullam orci pede, venenatis non, sodales sed, tincidunt eu, felis.Fusce posuere felis sed lacus. Morbi sem mauris, laoreet ut, rhoncus aliquet, pulvinar sed, nisl. Nunc rhoncus dui vel sem.Sed sagittis. Nam congue, risus semper porta volutpat, quam pede lobortis ligula, sit amet eleifend pede libero quis orci. Nullam molestie nibh in lectus.",nulla tempus vivamus in felis eu sapien cursus vestibulum proin eu mi nulla
30,Lusa,Teal,"Integer ac leo. Pellentesque ultrices mattis odio. Donec vitae nisi.Nam ultrices, libero non mattis pulvinar, nulla pede ullamcorper augue, a suscipit nulla elit ac nulla. Sed vel enim sit amet nunc viverra dapibus. Nulla suscipit ligula in lacus.",magna vulputate luctus cum sociis natoque penatibus et magnis dis parturient montes nascetur ridiculus mus vivamus
31,Pansie,Blue,Phasellus sit amet erat. Nulla tempus. Vivamus in felis eu sapien cursus vestibulum.,blandit non interdum in ante vestibulum ante ipsum primis in faucibus orci luctus et ultrices posuere cubilia
32,Christin,Purple,"Proin leo odio, porttitor id, consequat in, consequat ut, nulla. Sed accumsan felis. Ut at dolor quis odio consequat varius.Integer ac leo. Pellentesque ultrices mattis odio. Donec vitae nisi.Nam ultrices, libero non mattis pulvinar, nulla pede ullamcorper augue, a suscipit nulla elit ac nulla. Sed vel enim sit amet nunc viverra dapibus. Nulla suscipit ligula in lacus.",luctus et ultrices posuere cubilia curae nulla dapibus dolor vel est
33,Chas,Aquamarine,Nullam porttitor lacus at turpis. Donec posuere metus vitae ipsum. Aliquam non mauris.,vestibulum ante ipsum primis in faucibus orci luctus et ultrices posuere cubilia curae donec pharetra magna vestibulum aliquet ultrices
34,Charissa,Mauv,"Aenean lectus. Pellentesque eget nunc. Donec quis orci eget orci vehicula condimentum.Curabitur in libero ut massa volutpat convallis. Morbi odio odio, elementum eu, interdum eu, tincidunt in, leo. Maecenas pulvinar lobortis est.",eleifend quam a odio in hac habitasse platea dictumst maecenas ut
35,Malissa,Pink,"In quis justo. Maecenas rhoncus aliquam lacus. Morbi quis tortor id nulla ultrices aliquet.Maecenas leo odio, condimentum id, luctus nec, molestie sed, justo. Pellentesque viverra pede ac diam. Cras pellentesque volutpat dui.Maecenas tristique, est et tempus semper, est quam pharetra magna, ac consequat metus sapien ut nunc. Vestibulum ante ipsum primis in faucibus orci luctus et ultrices posuere cubilia Curae; Mauris viverra diam vitae quam. Suspendisse potenti.",at velit eu est congue elementum in hac habitasse platea dictumst morbi vestibulum velit id pretium iaculis diam
36,Mitchell,Aquamarine,"Phasellus in felis. Donec semper sapien a libero. Nam dui.Proin leo odio, porttitor id, consequat in, consequat ut, nulla. Sed accumsan felis. Ut at dolor quis odio consequat varius.Integer ac leo. Pellentesque ultrices mattis odio. Donec vitae nisi.",suscipit a feugiat et eros vestibulum ac est lacinia nisi
37,Olenolin,Green,Etiam vel augue. Vestibulum rutrum rutrum neque. Aenean auctor gravida sem.,nisl nunc rhoncus dui vel sem sed sagittis nam congue risus semper porta volutpat quam
38,Ina,Aquamarine,"Proin interdum mauris non ligula pellentesque ultrices. Phasellus id sapien in sapien iaculis congue. Vivamus metus arcu, adipiscing molestie, hendrerit at, vulputate vitae, nisl.Aenean lectus. Pellentesque eget nunc. Donec quis orci eget orci vehicula condimentum.",eget eros elementum pellentesque quisque porta volutpat erat quisque erat eros viverra eget congue
39,West,Goldenrod,"In quis justo. Maecenas rhoncus aliquam lacus. Morbi quis tortor id nulla ultrices aliquet.Maecenas leo odio, condimentum id, luctus nec, molestie sed, justo. Pellentesque viverra pede ac diam. Cras pellentesque volutpat dui.",nam congue risus semper porta volutpat quam pede lobortis ligula sit amet
40,Bea,Khaki,"Donec diam neque, vestibulum eget, vulputate ut, ultrices vel, augue. Vestibulum ante ipsum primis in faucibus orci luctus et ultrices posuere cubilia Curae; Donec pharetra, magna vestibulum aliquet ultrices, erat tortor sollicitudin mi, sit amet lobortis sapien sapien non mi. Integer ac neque.Duis bibendum. Morbi non quam nec dui luctus rutrum. Nulla tellus.",luctus ultricies eu nibh quisque id justo sit amet sapien dignissim
41,Sharai,Turquoise,"In hac habitasse platea dictumst. Morbi vestibulum, velit id pretium iaculis, diam erat fermentum justo, nec condimentum neque sapien placerat ante. Nulla justo.Aliquam quis turpis eget elit sodales scelerisque. Mauris sit amet eros. Suspendisse accumsan tortor quis turpis.Sed ante. Vivamus tortor. Duis mattis egestas metus.",posuere cubilia curae duis faucibus accumsan odio curabitur convallis duis consequat dui nec nisi
42,Dorey,Teal,"In congue. Etiam justo. Etiam pretium iaculis justo.In hac habitasse platea dictumst. Etiam faucibus cursus urna. Ut tellus.Nulla ut erat id mauris vulputate elementum. Nullam varius. Nulla facilisi.",nunc rhoncus dui vel sem sed sagittis nam congue risus semper porta volutpat quam
43,Baxy,Yellow,"Aenean fermentum. Donec ut mauris eget massa tempor convallis. Nulla neque libero, convallis eget, eleifend luctus, ultricies eu, nibh.Quisque id justo sit amet sapien dignissim vestibulum. Vestibulum ante ipsum primis in faucibus orci luctus et ultrices posuere cubilia Curae; Nulla dapibus dolor vel est. Donec odio justo, sollicitudin ut, suscipit a, feugiat et, eros.Vestibulum ac est lacinia nisi venenatis tristique. Fusce congue, diam id ornare imperdiet, sapien urna pretium nisl, ut volutpat sapien arcu sed augue. Aliquam erat volutpat.",vitae quam suspendisse potenti nullam porttitor lacus at turpis donec posuere metus vitae ipsum aliquam non
44,Halsey,Maroon,"Cum sociis natoque penatibus et magnis dis parturient montes, nascetur ridiculus mus. Vivamus vestibulum sagittis sapien. Cum sociis natoque penatibus et magnis dis parturient montes, nascetur ridiculus mus.Etiam vel augue. Vestibulum rutrum rutrum neque. Aenean auctor gravida sem.Praesent id massa id nisl venenatis lacinia. Aenean sit amet justo. Morbi ut odio.",nunc rhoncus dui vel sem sed sagittis nam congue risus
45,Worth,Blue,"Praesent blandit. Nam nulla. Integer pede justo, lacinia eget, tincidunt eget, tempus vel, pede.Morbi porttitor lorem id ligula. Suspendisse ornare consequat lectus. In est risus, auctor sed, tristique in, tempus sit amet, sem.Fusce consequat. Nulla nisl. Nunc nisl.",faucibus accumsan odio curabitur convallis duis consequat dui nec nisi volutpat eleifend donec ut
46,Carmine,Mauv,"Phasellus in felis. Donec semper sapien a libero. Nam dui.Proin leo odio, porttitor id, consequat in, consequat ut, nulla. Sed accumsan felis. Ut at dolor quis odio consequat varius.",nunc nisl duis bibendum felis sed interdum venenatis turpis enim blandit mi in porttitor pede justo eu massa donec
47,Idette,Pink,Phasellus sit amet erat. Nulla tempus. Vivamus in felis eu sapien cursus vestibulum.,interdum mauris ullamcorper purus sit amet nulla quisque arcu libero rutrum ac lobortis vel dapibus at diam nam tristique tortor
48,Wynne,Khaki,"Fusce consequat. Nulla nisl. Nunc nisl.Duis bibendum, felis sed interdum venenatis, turpis enim blandit mi, in porttitor pede justo eu massa. Donec dapibus. Duis at velit eu est congue elementum.In hac habitasse platea dictumst. Morbi vestibulum, velit id pretium iaculis, diam erat fermentum justo, nec condimentum neque sapien placerat ante. Nulla justo.",nulla ut erat id mauris vulputate elementum nullam varius nulla
49,Emmi,Fuscia,"Morbi porttitor lorem id ligula. Suspendisse ornare consequat lectus. In est risus, auctor sed, tristique in, tempus sit amet, sem.",ligula nec sem duis aliquam convallis nunc proin at turpis a pede posuere nonummy integer non velit donec diam
50,Keen,Red,"Sed ante. Vivamus tortor. Duis mattis egestas metus.Aenean fermentum. Donec ut mauris eget massa tempor convallis. Nulla neque libero, convallis eget, eleifend luctus, ultricies eu, nibh.Quisque id justo sit amet sapien dignissim vestibulum. Vestibulum ante ipsum primis in faucibus orci luctus et ultrices posuere cubilia Curae; Nulla dapibus dolor vel est. Donec odio justo, sollicitudin ut, suscipit a, feugiat et, eros.",nisl duis ac nibh fusce lacus purus aliquet at feugiat non pretium
51,Jannelle,Red,"Quisque porta volutpat erat. Quisque erat eros, viverra eget, congue eget, semper rutrum, nulla. Nunc purus.Phasellus in felis. Donec semper sapien a libero. Nam dui.",in hac habitasse platea dictumst etiam faucibus cursus urna ut tellus nulla ut erat id mauris
52,Dominick,Blue,In congue. Etiam justo. Etiam pretium iaculis justo.,laoreet ut rhoncus aliquet pulvinar sed nisl nunc rhoncus dui vel sem sed sagittis nam congue risus semper
53,Christal,Blue,"Nulla ut erat id mauris vulputate elementum. Nullam varius. Nulla facilisi.Cras non velit nec nisi vulputate nonummy. Maecenas tincidunt lacus at velit. Vivamus vel nulla eget eros elementum pellentesque.Quisque porta volutpat erat. Quisque erat eros, viverra eget, congue eget, semper rutrum, nulla. Nunc purus.",consequat in consequat ut nulla sed accumsan felis ut at dolor
54,Korella,Yellow,Fusce consequat. Nulla nisl. Nunc nisl.,vel sem sed sagittis nam congue risus semper porta volutpat
55,Alicia,Purple,"Integer tincidunt ante vel ipsum. Praesent blandit lacinia erat. Vestibulum sed magna at nunc commodo placerat.Praesent blandit. Nam nulla. Integer pede justo, lacinia eget, tincidunt eget, tempus vel, pede.Morbi porttitor lorem id ligula. Suspendisse ornare consequat lectus. In est risus, auctor sed, tristique in, tempus sit amet, sem.",commodo placerat praesent blandit nam nulla integer pede justo lacinia eget tincidunt eget tempus vel pede morbi porttitor
56,Kristian,Purple,"Duis bibendum, felis sed interdum venenatis, turpis enim blandit mi, in porttitor pede justo eu massa. Donec dapibus. Duis at velit eu est congue elementum.In hac habitasse platea dictumst. Morbi vestibulum, velit id pretium iaculis, diam erat fermentum justo, nec condimentum neque sapien placerat ante. Nulla justo.Aliquam quis turpis eget elit sodales scelerisque. Mauris sit amet eros. Suspendisse accumsan tortor quis turpis.",vestibulum sit amet cursus id turpis integer aliquet massa id lobortis convallis tortor risus dapibus augue vel accumsan
57,Avram,Violet,In hac habitasse platea dictumst. Etiam faucibus cursus urna. Ut tellus.,semper est quam pharetra magna ac consequat metus sapien ut nunc vestibulum ante ipsum
58,Jessy,Blue,"Maecenas leo odio, condimentum id, luctus nec, molestie sed, justo. Pellentesque viverra pede ac diam. Cras pellentesque volutpat dui.Maecenas tristique, est et tempus semper, est quam pharetra magna, ac consequat metus sapien ut nunc. Vestibulum ante ipsum primis in faucibus orci luctus et ultrices posuere cubilia Curae; Mauris viverra diam vitae quam. Suspendisse potenti.",tempus semper est quam pharetra magna ac consequat metus sapien ut
59,Lily,Red,"Fusce posuere felis sed lacus. Morbi sem mauris, laoreet ut, rhoncus aliquet, pulvinar sed, nisl. Nunc rhoncus dui vel sem.Sed sagittis. Nam congue, risus semper porta volutpat, quam pede lobortis ligula, sit amet eleifend pede libero quis orci. Nullam molestie nibh in lectus.Pellentesque at nulla. Suspendisse potenti. Cras in purus eu magna vulputate luctus.",ornare imperdiet sapien urna pretium nisl ut volutpat sapien arcu sed
60,Marnie,Turquoise,"Vestibulum ac est lacinia nisi venenatis tristique. Fusce congue, diam id ornare imperdiet, sapien urna pretium nisl, ut volutpat sapien arcu sed augue. Aliquam erat volutpat.In congue. Etiam justo. Etiam pretium iaculis justo.",ac enim in tempor turpis nec euismod scelerisque quam turpis adipiscing lorem vitae mattis nibh ligula nec sem
61,Meryl,Fuscia,"Cras non velit nec nisi vulputate nonummy. Maecenas tincidunt lacus at velit. Vivamus vel nulla eget eros elementum pellentesque.Quisque porta volutpat erat. Quisque erat eros, viverra eget, congue eget, semper rutrum, nulla. Nunc purus.Phasellus in felis. Donec semper sapien a libero. Nam dui.",faucibus orci luctus et ultrices posuere cubilia curae mauris viverra diam vitae
62,Howie,Mauv,"Quisque id justo sit amet sapien dignissim vestibulum. Vestibulum ante ipsum primis in faucibus orci luctus et ultrices posuere cubilia Curae; Nulla dapibus dolor vel est. Donec odio justo, sollicitudin ut, suscipit a, feugiat et, eros.Vestibulum ac est lacinia nisi venenatis tristique. Fusce congue, diam id ornare imperdiet, sapien urna pretium nisl, ut volutpat sapien arcu sed augue. Aliquam erat volutpat.",sem duis aliquam convallis nunc proin at turpis a pede posuere nonummy integer non velit donec diam neque vestibulum eget
63,Ula,Crimson,"Cras mi pede, malesuada in, imperdiet et, commodo vulputate, justo. In blandit ultrices enim. Lorem ipsum dolor sit amet, consectetuer adipiscing elit.Proin interdum mauris non ligula pellentesque ultrices. Phasellus id sapien in sapien iaculis congue. Vivamus metus arcu, adipiscing molestie, hendrerit at, vulputate vitae, nisl.",quam pede lobortis ligula sit amet eleifend pede libero quis
64,Bridget,Puce,"Curabitur gravida nisi at nibh. In hac habitasse platea dictumst. Aliquam augue quam, sollicitudin vitae, consectetuer eget, rutrum at, lorem.",lectus suspendisse potenti in eleifend quam a odio in hac
65,Rodina,Khaki,"Aenean lectus. Pellentesque eget nunc. Donec quis orci eget orci vehicula condimentum.Curabitur in libero ut massa volutpat convallis. Morbi odio odio, elementum eu, interdum eu, tincidunt in, leo. Maecenas pulvinar lobortis est.Phasellus sit amet erat. Nulla tempus. Vivamus in felis eu sapien cursus vestibulum.",sapien ut nunc vestibulum ante ipsum primis in faucibus orci luctus et ultrices posuere cubilia curae mauris
66,Katina,Khaki,"Lorem ipsum dolor sit amet, consectetuer adipiscing elit. Proin risus. Praesent lectus.Vestibulum quam sapien, varius ut, blandit non, interdum in, ante. Vestibulum ante ipsum primis in faucibus orci luctus et ultrices posuere cubilia Curae; Duis faucibus accumsan odio. Curabitur convallis.",blandit nam nulla integer pede justo lacinia eget tincidunt eget tempus vel pede morbi porttitor lorem
67,Penn,Mauv,"Etiam vel augue. Vestibulum rutrum rutrum neque. Aenean auctor gravida sem.Praesent id massa id nisl venenatis lacinia. Aenean sit amet justo. Morbi ut odio.",nisl venenatis lacinia aenean sit amet justo morbi ut odio cras mi pede malesuada in imperdiet et commodo vulputate
68,Livvie,Mauv,"Cras non velit nec nisi vulputate nonummy. Maecenas tincidunt lacus at velit. Vivamus vel nulla eget eros elementum pellentesque.Quisque porta volutpat erat. Quisque erat eros, viverra eget, congue eget, semper rutrum, nulla. Nunc purus.Phasellus in felis. Donec semper sapien a libero. Nam dui.",suspendisse potenti cras in purus eu magna vulputate luctus cum sociis
69,Pooh,Red,Aenean lectus. Pellentesque eget nunc. Donec quis orci eget orci vehicula condimentum.,mattis egestas metus aenean fermentum donec ut mauris eget massa tempor convallis nulla neque
70,Stephani,Orange,"Sed ante. Vivamus tortor. Duis mattis egestas metus.Aenean fermentum. Donec ut mauris eget massa tempor convallis. Nulla neque libero, convallis eget, eleifend luctus, ultricies eu, nibh.",mi integer ac neque duis bibendum morbi non quam nec dui luctus rutrum nulla tellus in sagittis
71,Delainey,Indigo,In quis justo. Maecenas rhoncus aliquam lacus. Morbi quis tortor id nulla ultrices aliquet.,metus aenean fermentum donec ut mauris eget massa tempor convallis nulla neque libero convallis
72,Brent,Yellow,"Nullam sit amet turpis elementum ligula vehicula consequat. Morbi a ipsum. Integer a nibh.In quis justo. Maecenas rhoncus aliquam lacus. Morbi quis tortor id nulla ultrices aliquet.",platea dictumst morbi vestibulum velit id pretium iaculis diam erat fermentum justo
73,Jerrome,Crimson,Integer ac leo. Pellentesque ultrices mattis odio. Donec vitae nisi.,hac habitasse platea dictumst etiam faucibus cursus urna ut tellus nulla ut erat id mauris vulputate elementum nullam varius nulla
74,Sherye,Blue,"Phasellus in felis. Donec semper sapien a libero. Nam dui.Proin leo odio, porttitor id, consequat in, consequat ut, nulla. Sed accumsan felis. Ut at dolor quis odio consequat varius.Integer ac leo. Pellentesque ultrices mattis odio. Donec vitae nisi.",orci pede venenatis non sodales sed tincidunt eu felis fusce posuere
75,Krispin,Green,"Integer ac leo. Pellentesque ultrices mattis odio. Donec vitae nisi.Nam ultrices, libero non mattis pulvinar, nulla pede ullamcorper augue, a suscipit nulla elit ac nulla. Sed vel enim sit amet nunc viverra dapibus. Nulla suscipit ligula in lacus.",diam vitae quam suspendisse potenti nullam porttitor lacus at turpis donec posuere metus vitae ipsum aliquam non
76,Ashbey,Blue,Aenean lectus. Pellentesque eget nunc. Donec quis orci eget orci vehicula condimentum.,viverra pede ac diam cras pellentesque volutpat dui maecenas tristique est et tempus semper est quam pharetra
77,Mara,Khaki,"Nullam sit amet turpis elementum ligula vehicula consequat. Morbi a ipsum. Integer a nibh.In quis justo. Maecenas rhoncus aliquam lacus. Morbi quis tortor id nulla ultrices aliquet.Maecenas leo odio, condimentum id, luctus nec, molestie sed, justo. Pellentesque viverra pede ac diam. Cras pellentesque volutpat dui.",pede malesuada in imperdiet et commodo vulputate justo in blandit ultrices enim lorem ipsum dolor
78,Corliss,Orange,"Aenean lectus. Pellentesque eget nunc. Donec quis orci eget orci vehicula condimentum.Curabitur in libero ut massa volutpat convallis. Morbi odio odio, elementum eu, interdum eu, tincidunt in, leo. Maecenas pulvinar lobortis est.Phasellus sit amet erat. Nulla tempus. Vivamus in felis eu sapien cursus vestibulum.",pellentesque ultrices mattis odio donec vitae nisi nam ultrices libero non mattis pulvinar nulla pede
79,Vivia,Goldenrod,In hac habitasse platea dictumst. Etiam faucibus cursus urna. Ut tellus.,hac habitasse platea dictumst etiam faucibus cursus urna ut tellus nulla ut erat id mauris vulputate elementum nullam
80,Saraann,Puce,"Phasellus in felis. Donec semper sapien a libero. Nam dui.Proin leo odio, porttitor id, consequat in, consequat ut, nulla. Sed accumsan felis. Ut at dolor quis odio consequat varius.Integer ac leo. Pellentesque ultrices mattis odio. Donec vitae nisi.",eu tincidunt in leo maecenas pulvinar lobortis est phasellus sit amet erat nulla
81,Burke,Turquoise,"In hac habitasse platea dictumst. Etiam faucibus cursus urna. Ut tellus.Nulla ut erat id mauris vulputate elementum. Nullam varius. Nulla facilisi.Cras non velit nec nisi vulputate nonummy. Maecenas tincidunt lacus at velit. Vivamus vel nulla eget eros elementum pellentesque.",libero convallis eget eleifend luctus ultricies eu nibh quisque id justo sit amet sapien dignissim vestibulum vestibulum ante ipsum
82,Babara,Purple,Sed ante. Vivamus tortor. Duis mattis egestas metus.,ac leo pellentesque ultrices mattis odio donec vitae nisi nam ultrices libero non mattis pulvinar nulla pede ullamcorper
83,Phillipe,Pink,"Curabitur gravida nisi at nibh. In hac habitasse platea dictumst. Aliquam augue quam, sollicitudin vitae, consectetuer eget, rutrum at, lorem.",potenti cras in purus eu magna vulputate luctus cum sociis natoque penatibus et magnis dis parturient montes nascetur ridiculus mus
84,Cristal,Teal,"Fusce posuere felis sed lacus. Morbi sem mauris, laoreet ut, rhoncus aliquet, pulvinar sed, nisl. Nunc rhoncus dui vel sem.",primis in faucibus orci luctus et ultrices posuere cubilia curae donec pharetra magna vestibulum aliquet ultrices erat tortor
85,Aarika,Violet,"Duis bibendum. Morbi non quam nec dui luctus rutrum. Nulla tellus.In sagittis dui vel nisl. Duis ac nibh. Fusce lacus purus, aliquet at, feugiat non, pretium quis, lectus.",lectus aliquam sit amet diam in magna bibendum imperdiet nullam orci pede venenatis non sodales
86,Rodi,Khaki,"Sed ante. Vivamus tortor. Duis mattis egestas metus.Aenean fermentum. Donec ut mauris eget massa tempor convallis. Nulla neque libero, convallis eget, eleifend luctus, ultricies eu, nibh.",egestas metus aenean fermentum donec ut mauris eget massa tempor convallis nulla neque libero convallis eget
87,Shurwood,Green,"Fusce consequat. Nulla nisl. Nunc nisl.Duis bibendum, felis sed interdum venenatis, turpis enim blandit mi, in porttitor pede justo eu massa. Donec dapibus. Duis at velit eu est congue elementum.In hac habitasse platea dictumst. Morbi vestibulum, velit id pretium iaculis, diam erat fermentum justo, nec condimentum neque sapien placerat ante. Nulla justo.",amet consectetuer adipiscing elit proin interdum mauris non ligula pellentesque ultrices phasellus
88,Margo,Aquamarine,"Curabitur at ipsum ac tellus semper interdum. Mauris ullamcorper purus sit amet nulla. Quisque arcu libero, rutrum ac, lobortis vel, dapibus at, diam.",rhoncus mauris enim leo rhoncus sed vestibulum sit amet cursus id turpis integer aliquet massa id lobortis convallis tortor risus
89,Erasmus,Pink,Integer ac leo. Pellentesque ultrices mattis odio. Donec vitae nisi.,eget tempus vel pede morbi porttitor lorem id ligula suspendisse ornare consequat lectus in
90,Dolores,Goldenrod,"Praesent blandit. Nam nulla. Integer pede justo, lacinia eget, tincidunt eget, tempus vel, pede.Morbi porttitor lorem id ligula. Suspendisse ornare consequat lectus. In est risus, auctor sed, tristique in, tempus sit amet, sem.",bibendum felis sed interdum venenatis turpis enim blandit mi in
91,Tiffy,Indigo,"Sed ante. Vivamus tortor. Duis mattis egestas metus.Aenean fermentum. Donec ut mauris eget massa tempor convallis. Nulla neque libero, convallis eget, eleifend luctus, ultricies eu, nibh.Quisque id justo sit amet sapien dignissim vestibulum. Vestibulum ante ipsum primis in faucibus orci luctus et ultrices posuere cubilia Curae; Nulla dapibus dolor vel est. Donec odio justo, sollicitudin ut, suscipit a, feugiat et, eros.",tortor sollicitudin mi sit amet lobortis sapien sapien non mi integer ac neque duis bibendum
92,Donia,Aquamarine,"Pellentesque at nulla. Suspendisse potenti. Cras in purus eu magna vulputate luctus.Cum sociis natoque penatibus et magnis dis parturient montes, nascetur ridiculus mus. Vivamus vestibulum sagittis sapien. Cum sociis natoque penatibus et magnis dis parturient montes, nascetur ridiculus mus.",vestibulum vestibulum ante ipsum primis in faucibus orci luctus et ultrices posuere cubilia curae nulla dapibus
93,Larine,Purple,"In quis justo. Maecenas rhoncus aliquam lacus. Morbi quis tortor id nulla ultrices aliquet.Maecenas leo odio, condimentum id, luctus nec, molestie sed, justo. Pellentesque viverra pede ac diam. Cras pellentesque volutpat dui.Maecenas tristique, est et tempus semper, est quam pharetra magna, ac consequat metus sapien ut nunc. Vestibulum ante ipsum primis in faucibus orci luctus et ultrices posuere cubilia Curae; Mauris viverra diam vitae quam. Suspendisse potenti.",erat fermentum justo nec condimentum neque sapien placerat ante nulla
94,Jedediah,Indigo,"Nullam sit amet turpis elementum ligula vehicula consequat. Morbi a ipsum. Integer a nibh.In quis justo. Maecenas rhoncus aliquam lacus. Morbi quis tortor id nulla ultrices aliquet.",sem fusce consequat nulla nisl nunc nisl duis bibendum felis sed interdum venenatis turpis enim blandit mi
95,Fannie,Khaki,"Quisque id justo sit amet sapien dignissim vestibulum. Vestibulum ante ipsum primis in faucibus orci luctus et ultrices posuere cubilia Curae; Nulla dapibus dolor vel est. Donec odio justo, sollicitudin ut, suscipit a, feugiat et, eros.",nec euismod scelerisque quam turpis adipiscing lorem vitae mattis nibh ligula nec sem duis aliquam convallis nunc proin at
96,Tommy,Indigo,"Vestibulum ac est lacinia nisi venenatis tristique. Fusce congue, diam id ornare imperdiet, sapien urna pretium nisl, ut volutpat sapien arcu sed augue. Aliquam erat volutpat.In congue. Etiam justo. Etiam pretium iaculis justo.",imperdiet et commodo vulputate justo in blandit ultrices enim lorem ipsum
97,Lucius,Red,"Phasellus in felis. Donec semper sapien a libero. Nam dui.Proin leo odio, porttitor id, consequat in, consequat ut, nulla. Sed accumsan felis. Ut at dolor quis odio consequat varius.",in faucibus orci luctus et ultrices posuere cubilia curae nulla dapibus dolor vel est donec
98,Bobbee,Mauv,"Praesent id massa id nisl venenatis lacinia. Aenean sit amet justo. Morbi ut odio.Cras mi pede, malesuada in, imperdiet et, commodo vulputate, justo. In blandit ultrices enim. Lorem ipsum dolor sit amet, consectetuer adipiscing elit.",mi nulla ac enim in tempor turpis nec euismod scelerisque
99,Udell,Teal,"Integer tincidunt ante vel ipsum. Praesent blandit lacinia erat. Vestibulum sed magna at nunc commodo placerat.Praesent blandit. Nam nulla. Integer pede justo, lacinia eget, tincidunt eget, tempus vel, pede.Morbi porttitor lorem id ligula. Suspendisse ornare consequat lectus. In est risus, auctor sed, tristique in, tempus sit amet, sem.",duis faucibus accumsan odio curabitur convallis duis consequat dui nec nisi volutpat
100,Zelma,Fuscia,"Sed sagittis. Nam congue, risus semper porta volutpat, quam pede lobortis ligula, sit amet eleifend pede libero quis orci. Nullam molestie nibh in lectus.",nam congue risus semper porta volutpat quam pede lobortis ligula sit amet eleifend pede libero quis orci nullam molestie